类别：所有类别,
,
周,portable power station: (美国)
2025/7/13,9
2025/7/20,9
2025/7/27,10
2025/8/3,8
2025/8/10,8
2025/8/17,7
2025/8/24,7
2025/8/31,6
2025/9/7,6
2025/9/14,6
2025/9/21,7
2025/9/28,7
2025/10/5,8
2025/10/12,6
2025/10/19,7
2025/10/26,7
2025/11/2,10
2025/11/9,10
2025/11/16,10
2025/11/23,12
2025/11/30,10
2025/12/7,9
2025/12/14,9
2025/12/21,9
2025/12/28,9
2026/1/4,7
2026/1/11,8
2026/1/18,41
2026/1/25,16
2026/2/1,9
2026/2/8,10
2026/2/15,9
2026/2/22,9
2026/3/1,10
2026/3/8,13
2026/3/15,17
2026/3/22,33
2026/3/29,67
2026/4/5,93
2026/4/12,94
2026/4/19,57
2026/4/26,39
2026/5/3,37
2026/5/10,68
2026/5/17,98
2026/5/24,65
2026/5/31,71
2026/6/7,96
2026/6/14,91
2026/6/21,100
2026/6/28,34
2026/7/5,19
2026/7/12,11
